<?xml version="1.0" encoding="UTF-8"?>
<project-private xmlns="http://www.netbeans.org/ns/project-private/1">
    <editor-bookmarks xmlns="http://www.netbeans.org/ns/editor-bookmarks/2" lastBookmarkId="0"/>
    <open-files xmlns="http://www.netbeans.org/ns/projectui-open-files/2">
        <group>
            <file>file:/C:/Users/AngelaPatriciaGarcia/OneDrive%20-%20INSTITUTO%20TECNOLOGICO%20METROPOLITANO%20-%20ITM/ITM/3%20Semestre/Estructura%20de%20Datos/ITM_ED_Ordenamiento-main/ITM_ED_Ordenamiento-main/src/ordenamiento/Documento.java</file>
            <file>file:/C:/Users/AngelaPatriciaGarcia/OneDrive%20-%20INSTITUTO%20TECNOLOGICO%20METROPOLITANO%20-%20ITM/ITM/3%20Semestre/Estructura%20de%20Datos/ITM_ED_Ordenamiento-main/ITM_ED_Ordenamiento-main/src/ordenamiento/FrmOrdenamiento.java</file>
        </group>
    </open-files>
</project-private>
